scenario_id,temperature_c,humidity_pct,occupancy_count,tariff_level
SC001,22.5,45,30,low
SC002,24.0,50,45,medium
SC003,26.5,55,60,high
SC004,28.0,60,75,high
SC005,20.0,40,20,low
SC006,23.5,48,35,medium
SC007,25.0,52,50,medium
SC008,27.0,58,65,high
SC009,21.5,42,25,low
SC010,29.0,65,80,high
SC011,22.0,46,40,low
SC012,24.5,51,55,medium
SC013,26.0,54,70,high
SC014,19.5,38,15,low
SC015,23.0,47,32,medium
SC016,25.5,53,48,medium
SC017,27.5,59,68,high
SC018,21.0,41,22,low
SC019,28.5,63,78,high
SC020,24.0,49,52,medium
