scenario_id,baseline_cooling_pct,fuzzy_cooling_pct,baseline_fan_level,fuzzy_fan_level,baseline_energy_action,fuzzy_energy_action
SC01-001,50,60,medium,medium,normal,normal
SC01-002,90,90,high,high,normal,normal
SC01-003,0,0,off,off,avoid_peak,avoid_peak
SC01-004,90,90,medium,high,avoid_peak,avoid_peak
SC01-005,10,20,medium,medium,normal,normal
SC01-006,50,60,medium,medium,normal,normal
SC01-007,50,60,medium,medium,normal,normal
SC01-008,10,20,low,low,normal,normal
SC01-009,50,60,medium,medium,avoid_peak,avoid_peak
SC01-010,50,60,medium,medium,normal,normal
SC01-011,0,0,off,off,normal,normal
SC01-012,90,90,high,high,avoid_peak,avoid_peak
SC01-013,50,60,medium,medium,normal,normal
SC01-014,10,20,medium,medium,normal,normal
SC01-015,90,90,medium,high,avoid_peak,avoid_peak
SC01-016,90,90,high,high,avoid_peak,avoid_peak
SC01-017,10,20,medium,medium,normal,normal
SC01-018,90,90,high,high,avoid_peak,avoid_peak
SC01-019,0,0,off,off,avoid_peak,avoid_peak
SC01-020,50,60,high,high,normal,normal
