scenario_id,temperature_c,humidity_pct,occupancy_count,tariff_level,cooling_pct,fan_level,energy_action
SC01-001,24,50,20,low,60,medium,normal
SC01-002,36,85,45,medium,90,high,normal
SC01-003,38,60,0,high,0,off,avoid_peak
SC01-004,45,70,50,high,90,high,avoid_peak
SC01-005,21,90,15,low,20,medium,normal
SC01-006,25,45,30,low,60,medium,normal
SC01-007,27,50,40,medium,60,medium,normal
SC01-008,23,40,25,low,20,low,normal
SC01-009,29,55,60,high,60,medium,avoid_peak
SC01-010,26,60,35,medium,60,medium,normal
SC01-011,18,20,0,low,0,off,normal
SC01-012,45,100,50,high,90,high,avoid_peak
SC01-013,30,75,80,medium,60,medium,normal
SC01-014,18,100,1,low,20,medium,normal
SC01-015,45,20,100,high,90,high,avoid_peak
SC01-016,35,80,70,high,90,high,avoid_peak
SC01-017,22,85,5,low,20,medium,normal
SC01-018,31,90,90,high,90,high,avoid_peak
SC01-019,40,95,0,high,0,off,avoid_peak
SC01-020,24,80,50,medium,60,high,normal
